T(C),b(CaO),b(SiO2),b(H2O),Vol(aq),pH,nCa(aq),nCa(s),nSi(aq),nSi(s_reac),nPortlandite,nAmor-Sl,mCSHQ,nCa(CSHQ),nSi(CSHQ),nH2O(CSHQ),C/S(CSHQ),nGelPW(CSH)
25.0,0.2764432,0.4076259,3.687042,0.05540391,9.992211,5.361282e-05,0.2763896,0.0001606517,0.4074652,0.0,0.0,0.05116308,0.2763896,0.4074652,0.6206727,0.6783145,0.2128748
25.0,0.9990011,0.6772603,4.724294,0.0527674,12.30721,0.0006953753,0.9983057,2.943822e-06,0.6772574,0.0,0.0,0.1291438,0.9983057,0.6772574,1.802295,1.474042,0.7445645
25.0,0.6070516,0.6586517,3.951318,0.04868311,11.47381,9.232253e-05,0.6069593,1.83959e-05,0.6586333,0.0,0.0,0.09625068,0.6069593,0.6586333,1.256735,0.9215436,0.464936
25.0,0.2925771,0.2609977,3.524145,0.05336873,11.78395,0.000195186,0.2923819,1.088623e-05,0.2609868,0.0,0.0,0.0423457,0.2923819,0.2609868,0.5699863,1.120294,0.2105939
25.0,0.6416303,0.4346119,5.031936,0.06998205,12.30743,0.0009227403,0.6407076,3.901529e-06,0.434608,0.0,0.0,0.08288014,0.6407076,0.434608,1.156673,1.474219,0.477874
25.0,0.3323059,0.2914997,5.352373,0.08506112,11.81203,0.0003318034,0.3319741,1.636993e-05,0.2914833,0.0,0.0,0.04772934,0.3319741,0.2914833,0.6438708,1.138913,0.2384898
25.0,0.3346101,0.3943111,6.303399,0.1010598,11.32697,0.000147789,0.3344623,5.037767e-05,0.3942607,0.0,0.0,0.0552338,0.3344623,0.3942607,0.7099048,0.8483277,0.2630655
25.0,0.3445303,0.4620142,7.442554,0.1207787,10.97317,0.0001164191,0.3444139,0.0001067953,0.4619074,0.0,0.0,0.06071943,0.3444139,0.4619074,0.7578122,0.745634,0.2741225
25.0,0.4174385,0.2920599,6.914819,0.1112054,12.24524,0.001250236,0.4161883,7.501703e-06,0.2920524,0.0,0.0,0.05452902,0.4161883,0.2920524,0.7572732,1.425047,0.307321
25.0,0.6597061,0.5755008,3.514937,0.04043406,11.82285,0.000161716,0.6595444,7.607612e-06,0.5754932,0.0,0.0,0.09456428,0.6595444,0.5754932,1.276728,1.146051,0.4734276
25.0,0.9760548,0.6827904,7.739325,0.1077523,12.24878,0.001222408,0.9748324,7.193128e-06,0.6827832,0.0,0.0,0.1276309,0.9748324,0.6827832,1.772953,1.427733,0.7202425
25.0,0.8898465,0.5589769,4.713661,0.05659182,12.43565,0.001041019,0.8888055,2.020199e-06,0.5589749,0.0,0.0,0.1118785,0.8888055,0.5589749,1.579269,1.590063,0.6726322
25.0,0.3381311,0.3103404,5.609394,0.08933437,11.73663,0.0002935433,0.3378376,2.00752e-05,0.3103203,0.0,0.0,0.04956125,0.3378376,0.3103203,0.6644808,1.088674,0.2447819
25.0,0.4983377,0.3774548,7.770998,0.1236831,12.09094,0.0009427562,0.4973949,1.267185e-05,0.3774421,0.0,0.0,0.06720877,0.4973949,0.3774421,0.9235379,1.317805,0.3595978
25.0,0.459457,0.612491,4.258735,0.05871095,10.99754,5.765037e-05,0.4593993,5.016953e-05,0.6124408,0.0,0.0,0.08074206,0.4593993,0.6124408,1.009256,0.7501122,0.3658825
25.0,0.6264996,0.6621153,6.093944,0.08685521,11.51599,0.0001787772,0.6263208,3.02436e-05,0.6620851,0.0,0.0,0.0980804,0.6263208,0.6620851,1.28652,0.9459824,0.4751871
25.0,0.4137307,0.5895185,2.995816,0.03744583,10.58855,3.167933e-05,0.413699,5.281011e-05,0.5894657,0.0,0.0,0.07525072,0.413699,0.5894657,0.9233219,0.7018204,0.3241506
25.0,0.7251468,0.6466325,4.07936,0.04817019,11.78526,0.0001767013,0.7249701,9.79931e-06,0.6466227,0.0,0.0,0.1049612,0.7249701,0.6466227,1.412958,1.121164,0.5221028
25.0,0.5451852,0.6676499,7.772879,0.1193011,11.24618,0.0001542629,0.5450309,6.872505e-05,0.6675812,0.0,0.0,0.09174957,0.5450309,0.6675812,1.169811,0.8164265,0.4323007
25.0,0.5869706,0.4567582,7.367912,0.1132803,12.03739,0.0007565134,0.5862141,1.323169e-05,0.456745,0.0,0.0,0.08007258,0.5862141,0.456745,1.096624,1.28346,0.4217083
25.0,0.2852676,0.2978511,3.467041,0.05209495,11.53502,0.0001113697,0.2851562,1.747901e-05,0.2978336,0.0,0.0,0.04439937,0.2851562,0.2978336,0.5835833,0.9574347,0.2153844
25.0,0.7650468,0.6252521,6.21715,0.08609878,11.94171,0.0004557846,0.764591,1.253787e-05,0.6252396,0.0,0.0,0.1065822,0.764591,0.6252396,1.450927,1.222877,0.5473309
25.0,0.5676232,0.5983176,3.905885,0.04952339,11.5203,0.0001028092,0.5675204,1.710023e-05,0.5983005,0.0,0.0,0.08875724,0.5675204,0.5983005,1.164771,0.9485541,0.4301428
25.0,0.364562,0.4086878,5.978747,0.09425101,11.41856,0.0001612886,0.3644007,3.959188e-05,0.4086482,0.0,0.0,0.05871651,0.3644007,0.4086482,0.7620481,0.8917223,0.2823561
25.0,0.571832,0.492962,6.592914,0.09919015,11.84286,0.0004155902,0.5714164,1.789342e-05,0.4929441,0.0,0.0,0.08151895,0.5714164,0.4929441,1.102241,1.159191,0.4096552
25.0,1.025017,0.6740506,7.75117,0.1068174,12.35888,0.00160873,1.023408,5.02573e-06,0.6740456,0.0,0.0,0.1309607,1.023408,0.6740456,1.835723,1.518307,0.7691506
25.0,0.2344029,0.2182164,6.251832,0.1045903,11.71294,0.0003259914,0.2340769,2.465835e-05,0.2181917,0.0,0.0,0.03456843,0.2340769,0.2181917,0.4625019,1.072804,0.1702258
25.0,0.4739388,0.6841072,4.756573,0.06678326,10.43549,5.702968e-05,0.4738818,0.0001115754,0.6839956,0.0,0.0,0.08677424,0.4738818,0.6839956,1.060365,0.692814,0.3691873
25.0,0.9382059,0.6292814,3.347323,0.02994745,12.32659,0.0004148671,0.937791,1.569472e-06,0.6292798,0.0,0.0,0.1208255,0.937791,0.6292798,1.688938,1.490261,0.7015409
25.0,0.7170643,0.5312899,3.972473,0.04786863,12.13809,0.0004104144,0.7166539,4.347809e-06,0.5312856,0.0,0.0,0.09593026,0.7166539,0.5312856,1.322224,1.348905,0.5209764
25.0,0.1839494,0.2080779,4.044704,0.06611154,11.40265,0.0001099505,0.1838394,2.861966e-05,0.2080493,0.0,0.0,0.02975472,0.1838394,0.2080493,0.3855049,0.8836342,0.1428753
25.0,0.3963727,0.5558076,3.641142,0.04986121,10.72716,4.289694e-05,0.3963298,6.012763e-05,0.5557475,0.0,0.0,0.0714972,0.3963298,0.5557475,0.881493,0.7131473,0.3123644
25.0,0.8274525,0.6335453,6.611676,0.09162133,12.07118,0.0006649901,0.8267875,9.860749e-06,0.6335354,0.0,0.0,0.112161,0.8267875,0.6335354,1.539325,1.305038,0.59654
25.0,0.5348796,0.527872,3.105301,0.03667006,11.62303,9.401946e-05,0.5347856,1.034764e-05,0.5278617,0.0,0.0,0.08108236,0.5347856,0.5278617,1.075573,1.013117,0.3957901
25.0,0.6799458,0.6789604,4.412082,0.05491977,11.60479,0.0001354948,0.6798103,1.606655e-05,0.6789443,0.0,0.0,0.1036369,0.6798103,0.6789443,1.372225,1.001275,0.505178
25.0,0.7891506,0.6532712,3.580059,0.03752398,11.91793,0.0001876589,0.7889629,5.759443e-06,0.6532654,0.0,0.0,0.1105682,0.7889629,0.6532654,1.502847,1.207722,0.5646012
25.0,0.6198516,0.6057302,4.073565,0.05114527,11.63828,0.0001354638,0.6197161,1.400198e-05,0.6057162,0.0,0.0,0.09353206,0.6197161,0.6057162,1.242608,1.023113,0.4571323
25.0,0.4293359,0.4618537,6.377342,0.09920635,11.48736,0.0001930936,0.4291428,3.651789e-05,0.4618172,0.0,0.0,0.06778034,0.4291428,0.4618172,0.8863115,0.9292482,0.3277346
25.0,0.5967647,0.3741987,4.420898,0.06071485,12.43741,0.001122026,0.5956427,2.152951e-06,0.3741965,0.0,0.0,0.07494809,0.5956427,0.3741965,1.058137,1.591791,0.4507954
25.0,0.7754323,0.6004011,3.539851,0.03779206,12.0494,0.0002599448,0.7751724,4.288954e-06,0.6003968,0.0,0.0,0.1056237,0.7751724,0.6003968,1.447636,1.2911,0.5581914
25.0,0.6848973,0.6391885,5.464483,0.07427038,11.71052,0.0002302479,0.6846671,1.759583e-05,0.6391709,0.0,0.0,0.1011811,0.6846671,0.6391709,1.353439,1.07118,0.4981044
25.0,0.4383727,0.5094029,7.806729,0.1243124,11.35391,0.0001900467,0.4381827,5.89629e-05,0.5093439,0.0,0.0,0.07186179,0.4381827,0.5093439,0.9262167,0.8602883,0.3433345
25.0,0.8954032,0.5785143,7.97684,0.1151977,12.38784,0.001870495,0.8935327,4.900488e-06,0.5785094,0.0,0.0,0.1136371,0.8935327,0.5785094,1.597016,1.544543,0.6738895
25.0,0.3128345,0.4356025,3.662445,0.05362331,10.77644,4.675259e-05,0.3127877,6.103023e-05,0.4355415,0.0,0.0,0.05622249,0.3127877,0.4355415,0.6945739,0.7181584,0.2470523
25.0,0.9474297,0.6664072,7.634158,0.1067523,12.23848,0.00117964,0.9462501,7.346163e-06,0.6663999,0.0,0.0,0.1241479,0.9462501,0.6663999,1.723229,1.419943,0.6979745
25.0,0.5285113,0.3839537,7.353985,0.115331,12.17441,0.001083352,0.5274279,9.507896e-06,0.3839442,0.0,0.0,0.070093,0.5274279,0.3839442,0.9684655,1.37371,0.3852937
25.0,0.6659475,0.5228755,5.132872,0.07017523,12.02056,0.0004497103,0.6654978,8.530857e-06,0.522867,0.0,0.0,0.09121781,0.6654978,0.522867,1.247958,1.272786,0.478143
25.0,0.4237166,0.4496847,7.586577,0.1213293,11.50892,0.0002462825,0.4234703,4.283252e-05,0.4496419,0.0,0.0,0.06645534,0.4234703,0.4496419,0.8710266,0.9417947,0.3218127
25.0,0.3468215,0.4214679,6.557428,0.1050619,11.26322,0.000139243,0.3466823,5.873882e-05,0.4214092,0.0,0.0,0.05813676,0.3466823,0.4214092,0.7424601,0.8226738,0.2745908
25.0,0.4411257,0.3668254,7.598361,0.1220773,11.90741,0.0005954174,0.4405303,1.917409e-05,0.3668062,0.0,0.0,0.06188621,0.4405303,0.3668062,0.8405699,1.200989,0.3152513
25.0,0.4349238,0.6328904,4.739055,0.0680184,10.30775,5.951412e-05,0.4348643,0.0001314433,0.632759,0.0,0.0,0.07996074,0.4348643,0.632759,0.9744938,0.6872511,0.3374202
25.0,0.3598643,0.5087433,6.267896,0.09876416,10.66208,8.401559e-05,0.3597803,0.0001283087,0.508615,0.0,0.0,0.0651771,0.3597803,0.508615,0.80164,0.7073726,0.2827635
25.0,0.5583982,0.6727355,6.451274,0.09501147,11.28216,0.0001295288,0.5582687,5.136381e-05,0.6726841,0.0,0.0,0.09320848,0.5582687,0.6726841,1.192568,0.8299121,0.4413894
25.0,0.4683876,0.5191091,7.263018,0.1135934,11.43812,0.000201462,0.4681861,4.59687e-05,0.5190631,0.0,0.0,0.07502007,0.4681861,0.5190631,0.9757186,0.901983,0.3613669
25.0,0.6959632,0.43367,7.7874,0.1183711,12.44541,0.002233882,0.6937293,4.07098e-06,0.4336659,0.0,0.0,0.08713921,0.6937293,0.4336659,1.231185,1.599686,0.5251122
25.0,0.1572795,0.230998,5.915068,0.1005007,10.11623,9.297743e-05,0.1571865,0.0002458783,0.2307521,0.0,0.0,0.02903427,0.1571865,0.2307521,0.3527603,0.6811921,0.1213689
25.0,0.2788615,0.2022614,6.87009,0.1148701,12.17404,0.001078016,0.2777835,9.479283e-06,0.2022519,0.0,0.0,0.036919,0.2777835,0.2022519,0.5100918,1.373453,0.2029143
25.0,0.669433,0.4964511,5.520247,0.0774123,12.13544,0.0006593254,0.6687737,7.080171e-06,0.496444,0.0,0.0,0.08956821,0.6687737,0.496444,1.234319,1.347128,0.4860065
25.0,0.5012362,0.6085757,6.04231,0.08978493,11.26541,0.0001193793,0.5011168,5.000404e-05,0.6085257,0.0,0.0,0.08399262,0.5011168,0.6085257,1.072891,0.8234933,0.3968342
25.0,0.399596,0.5342763,2.790351,0.03454352,10.9857,3.362566e-05,0.3995624,3.002712e-05,0.5342463,0.0,0.0,0.07033214,0.3995624,0.5342463,0.8784705,0.7478992,0.3181281
25.0,0.9028214,0.5843675,6.793294,0.0935678,12.3855,0.001510046,0.9013114,4.013549e-06,0.5843635,0.0,0.0,0.1146839,0.9013114,0.5843635,1.611386,1.542381,0.6795854
25.0,0.6769155,0.5128351,5.273711,0.07257851,12.0926,0.0005555034,0.67636,7.400547e-06,0.5128277,0.0,0.0,0.09136044,0.67636,0.5128277,1.255546,1.318884,0.4890693
25.0,0.6996547,0.6138584,3.480659,0.0383743,11.81297,0.0001500134,0.6995047,7.370566e-06,0.613851,0.0,0.0,0.1005465,0.6995047,0.613851,1.356475,1.139535,0.5024854
25.0,0.2878175,0.3458679,4.697322,0.07377208,11.28738,0.000101371,0.2877161,3.950795e-05,0.3458284,0.0,0.0,0.04797779,0.2877161,0.3458284,0.6141757,0.8319621,0.2273582
25.0,1.045741,0.6853133,5.270735,0.06136323,12.36589,0.0009411263,1.0448,2.818555e-06,0.6853105,0.0,0.0,0.133499,1.0448,0.6853105,1.872462,1.524564,0.785947
25.0,0.4059833,0.4901941,5.538913,0.08439922,11.27738,0.0001142344,0.4058691,4.601355e-05,0.4901481,0.0,0.0,0.06783996,0.4058691,0.4901481,0.8675775,0.828054,0.3210483
25.0,0.5091269,0.6925261,7.516997,0.1155077,10.90914,0.0001067747,0.5090201,0.0001113769,0.6924147,0.0,0.0,0.09039707,0.5090201,0.6924147,1.124005,0.7351376,0.4042612
25.0,0.6715356,0.4770984,7.321368,0.1101225,12.2185,0.00115657,0.670379,8.028254e-06,0.4770904,0.0,0.0,0.08830873,0.670379,0.4770904,1.223958,1.405141,0.4929377
25.0,0.515511,0.4143284,4.356028,0.0611161,11.97407,0.0003497709,0.5151612,8.274201e-06,0.4143201,0.0,0.0,0.07130698,0.5151612,0.4143201,0.9727255,1.243389,0.36916
25.0,0.4926955,0.3884031,6.396725,0.09885744,12.01136,0.0006194285,0.4920761,1.228005e-05,0.3883908,0.0,0.0,0.0675765,0.4920761,0.3883908,0.9239905,1.266961,0.353325
25.0,0.3235722,0.3738118,4.438713,0.06786401,11.36497,0.0001057041,0.3234665,3.153371e-05,0.3737803,0.0,0.0,0.05289354,0.3234665,0.3737803,0.6825342,0.8653921,0.2530164
25.0,0.6214677,0.4878416,5.958453,0.08659845,12.02059,0.0005549933,0.6209127,1.052707e-05,0.4878311,0.0,0.0,0.08510621,0.6209127,0.4878311,1.164346,1.272803,0.4461106
25.0,0.4298014,0.6247882,5.808453,0.08755164,10.32643,7.627562e-05,0.4297251,0.0001655532,0.6246226,0.0,0.0,0.07897298,0.4297251,0.6246226,0.9627982,0.6879756,0.3336164
25.0,0.3019713,0.2410778,7.922036,0.1328448,11.98366,0.0007781423,0.3011932,1.759527e-05,0.2410602,0.0,0.0,0.04160475,0.3011932,0.2410602,0.5678889,1.249452,0.2159264
25.0,0.6478882,0.6366979,6.942962,0.1019322,11.62928,0.0002648421,0.6476234,2.840859e-05,0.6366695,0.0,0.0,0.09800688,0.6476234,0.6366695,1.300894,1.017205,0.478645
25.0,0.5742732,0.4953631,5.798855,0.08475509,11.84199,0.0003543857,0.5739188,1.531763e-05,0.4953478,0.0,0.0,0.08189371,0.5739188,0.4953478,1.107237,1.158618,0.4114688
25.0,0.3000298,0.3055848,4.997828,0.07929116,11.57352,0.0001833058,0.2998465,2.467076e-05,0.3055601,0.0,0.0,0.04614573,0.2998465,0.3055601,0.6090241,0.9813011,0.2244365
25.0,1.072483,0.6968844,3.611232,0.03058152,12.38102,0.000487827,1.071995,1.332651e-06,0.6968831,0.0,0.0,0.1365326,1.071995,0.6968831,1.9176,1.538271,0.8078792
25.0,0.7832391,0.5470651,4.110881,0.04854673,12.25267,0.0005562436,0.7826829,3.203564e-06,0.5470619,0.0,0.0,0.1023925,0.7826829,0.5470619,1.422782,1.430703,0.5786371
25.0,0.7459439,0.6196279,5.429901,0.07240475,11.91102,0.000356194,0.7455877,1.128282e-05,0.6196166,0.0,0.0,0.1046542,0.7455877,0.6196166,1.42181,1.203305,0.5335527
25.0,0.3838804,0.5521851,4.937395,0.07370194,10.48192,6.259991e-05,0.3838178,0.0001169475,0.5520682,0.0,0.0,0.07015594,0.3838178,0.5520682,0.8582598,0.6952363,0.2995114
25.0,0.4489448,0.3543411,6.481487,0.1018671,12.00864,0.0006340644,0.4483107,1.273449e-05,0.3543284,0.0,0.0,0.06160118,0.4483107,0.3543284,0.842146,1.265241,0.3218442
25.0,0.5396179,0.4251798,3.195382,0.03943225,12.01392,0.0002486286,0.5393693,4.869194e-06,0.4251749,0.0,0.0,0.07403174,0.5393693,0.4251749,1.012416,1.268582,0.3873478
25.0,0.6138068,0.4019047,6.076636,0.08990577,12.36508,0.001375981,0.6124308,4.14112e-06,0.4019006,0.0,0.0,0.0782667,0.6124308,0.4019006,1.097692,1.523837,0.460651
25.0,0.9550503,0.6061037,5.669165,0.07169757,12.41873,0.00126181,0.9537885,2.726941e-06,0.606101,0.0,0.0,0.1204975,0.9537885,0.606101,1.698243,1.573646,0.7212321
25.0,0.8799387,0.6491165,5.857544,0.0765297,12.14651,0.000670138,0.8792686,6.798936e-06,0.6491097,0.0,0.0,0.1175011,0.8792686,0.6491097,1.62044,1.354576,0.6398839
25.0,0.5523118,0.3578652,4.77729,0.06846271,12.38323,0.001098385,0.5512134,2.960304e-06,0.3578622,0.0,0.0,0.07017108,0.5512134,0.3578622,0.9857492,1.540295,0.4155094
25.0,0.69086,0.6347078,8.271667,0.1248957,11.73543,0.0004092985,0.6904507,2.813795e-05,0.6346797,0.0,0.0,0.1013238,0.6904507,0.6346797,1.358334,1.087873,0.5003569
25.0,0.7675742,0.5707088,4.296149,0.05200893,12.13105,0.0004381223,0.7671361,4.81142e-06,0.570704,0.0,0.0,0.1028314,0.7671361,0.570704,1.416689,1.344193,0.5571816
25.0,0.2714979,0.2407309,4.44428,0.07075317,11.7937,0.000264602,0.2712333,1.414466e-05,0.2407168,0.0,0.0,0.03918206,0.2712333,0.2407168,0.5278129,1.126774,0.1951696
25.0,0.8008539,0.6046771,8.237335,0.1219887,12.09876,0.0009480857,0.7999058,1.225841e-05,0.6046648,0.0,0.0,0.1079158,0.7999058,0.6046648,1.483642,1.322891,0.5787899
25.0,0.3711635,0.2616398,7.107467,0.1161842,12.23031,0.001257421,0.3699061,8.187083e-06,0.2616316,0.0,0.0,0.04861183,0.3699061,0.2616316,0.6743439,1.413843,0.2724982
25.0,0.4774423,0.5380577,3.164994,0.03911871,11.40982,6.589737e-05,0.4773764,1.670717e-05,0.538041,0.0,0.0,0.07710984,0.4773764,0.538041,0.9998165,0.8872491,0.3705117
25.0,0.8388049,0.6119474,6.464301,0.08894068,12.16817,0.0008224232,0.8379825,7.457152e-06,0.6119399,0.0,0.0,0.1115027,0.8379825,0.6119399,1.539961,1.369387,0.6116233
25.0,0.5614898,0.4767334,5.182887,0.07416659,11.87038,0.0003314246,0.5611584,1.261891e-05,0.4767208,0.0,0.0,0.07952043,0.5611584,0.4767208,1.077345,1.177122,0.4018284
25.0,0.5201185,0.4041271,3.937108,0.05356463,12.04161,0.000361444,0.5197571,6.19351e-06,0.4041209,0.0,0.0,0.07093376,0.5197571,0.4041209,0.9717193,1.286142,0.3740273
25.0,0.8369754,0.562932,5.676714,0.07530363,12.32036,0.001026559,0.8359488,4.027226e-06,0.562928,0.0,0.0,0.1078446,0.8359488,0.562928,1.506697,1.485001,0.6247586
25.0,0.4765783,0.412551,5.921806,0.09036303,11.83546,0.0003721403,0.4762062,1.655676e-05,0.4125344,0.0,0.0,0.06806125,0.4762062,0.4125344,0.919774,1.154343,0.3415424
25.0,0.5249809,0.4161955,6.001872,0.09059978,12.00049,0.0005528394,0.5244281,1.15432e-05,0.416184,0.0,0.0,0.07218343,0.5244281,0.416184,0.9863142,1.260087,0.3763026
25.0,0.4961219,0.4486694,3.057949,0.0377039,11.76176,0.0001311073,0.4959908,8.049068e-06,0.4486614,0.0,0.0,0.07226268,0.4959908,0.4486614,0.9709139,1.10549,0.3581567
25.0,0.3186445,0.2176047,5.098688,0.08169929,12.28954,0.001028798,0.3176157,4.818906e-06,0.2175999,0.0,0.0,0.04123852,0.3176157,0.2175999,0.5746847,1.459632,0.2362178
25.0,0.7850955,0.6279395,5.725878,0.0767085,11.98386,0.0004495377,0.784646,1.015567e-05,0.6279293,0.0,0.0,0.108381,0.784646,0.6279293,1.479378,1.249577,0.5625209
25.0,0.7418719,0.6984671,5.716325,0.07671369,11.69657,0.0002306041,0.7416413,1.86926e-05,0.6984484,0.0,0.0,0.1100386,0.7416413,0.6984484,1.470055,1.061841,0.540848
25.0,0.4101697,0.3274966,7.309889,0.118102,11.98513,0.0006942519,0.4094754,1.55902e-05,0.327481,0.0,0.0,0.05654446,0.4094754,0.327481,0.7718813,1.250379,0.2935754
25.0,0.379952,0.265555,4.686527,0.07218537,12.24877,0.0008188955,0.3791331,4.818941e-06,0.2655502,0.0,0.0,0.04963847,0.3791331,0.2655502,0.68954,1.427727,0.2801173
